가	亜
각	亡
간	交
갇	亥
갈	亦
갉	亨
갊	享
감	京
갑	亭
값	亮
갓	人
갔	什
강	仁
갖	仇
갗	今
같	介
갚	仏
갛	仔
개	仕
객	他
갠	付
갤	仙
갬	仝
갭	代
갯	令
갰	以
갱	仮
갸	仰
갹	仲
갼	件
걀	任
걋	企
걍	伊
걔	伍
걘	伎
걜	伏
거	伐
걱	休
건	会
걷	伝
걸	伯
걺	伴
검	伶
겁	伸
것	伺
겄	似
겅	伽
겆	佃
겉	但
겊	位
겋	低
게	住
겐	佐
겔	佑
겜	体
겝	何
겟	余
겠	作
겡	佳
겨	併
격	佼
겪	使
견	侃
겯	來
결	例
겸	侍
겹	侑
겻	供
겼	依
경	侠
곁	価
계	侭
곈	侮
곌	侯
곕	侵
곗	侶
고	便
곡	係
곤	促
곧	俄
골	俊
곪	俐
곬	俗
곯	保
곰	俠
곱	信
곳	俣
공	修
곶	俳
과	俵
곽	俸
관	俺
괄	倉
괆	個
괌	倍
괍	們
괏	倒
광	倖
괘	候
괜	借
괠	倣
괩	値
괬	倦
괭	倫
괴	倭
괵	倶
괸	倹
괼	偉
굄	偏
굅	停
굇	健
굉	偲
교	側
굔	偵
굘	偶
굡	偽
굣	傍
구	傑
국	傘
군	備
굳	催
굴	傭
굵	債
굶	傷
굻	傾
굼	僅
굽	働
굿	像
궁	僑
궂	僕
궈	僚
궉	僧
권	僻
궐	儀
궜	億
궝	儒
궤	償
궷	優
귀	儲
귁	允
귄	元
귈	兄
귐	充
귑	兆
귓	兇
규	先
균	光
귤	克
그	免
극	兎
근	児
귿	党
글	兜
긁	入
금	全
급	八
긋	公
긍	六
긔	共
기	兵
긱	其
긴	具
긷	典
길	兼
긺	内
김	円
깁	冊
깃	再
깅	冒
깆	冗
깊	写
까	冠
깍	冥
깎	冨
깐	冬
깔	冴
깖	冶
깜	冷
깝	凄
깟	准
깠	凉
깡	凋
깥	凌
깨	凍
깩	凛
깬	凜
깰	凝
깸	几
깹	凡
깻	処
깼	凧
깽	凪
꺄	凰
꺅	凱
꺌	凶
꺼	凸
꺽	凹
꺾	出
껀	函
껄	刀
껌	刃
껍	分
껏	切
껐	刈
껑	刊
께	刑
껙	列
껜	初
껨	判
껫	別
껭	利
껴	到
껸	制
껼	刷
꼇	券
꼈	刹
꼍	刺
꼐	刻
꼬	剃
꼭	則
꼰	削
꼲	前
꼴	剖
꼼	剛
꼽	剣
꼿	剤
꽁	剥
꽂	副
꽃	剰
꽈	割
꽉	創
꽐	劃
꽜	劇
꽝	劉
꽤	力
꽥	功
꽹	加
꾀	劣
꾄	助
꾈	努
꾐	劫
꾑	励
꾕	労
꾜	効
꾸	劼
꾹	劾
꾼	勃
꿀	勅
꿇	勇
꿈	勉
꿉	動
꿋	勘
꿍	務
꿎	勝
꿔	募
꿜	勢
꿨	勤
꿩	勧
꿰	勲
꿱	勳
꿴	勺
꿸	勾
뀀	勿
뀁	匁
뀄	匂
뀌	包
뀐	化
뀔	北
뀜	匙
뀝	匝
뀨	匠
끄	匡
끅	匪
끈	匹
끊	区
끌	医
끎	匿
끓	十
끔	千
끕	升
끗	午
끙	半
끝	卑
끼	卒
끽	卓
낀	協
낄	南
낌	単
낍	博
낏	卜
낑	占
나	卦
낙	卯
낚	印
난	危
낟	即
날	却
낡	卵
낢	卸
남	卿
납	厄
낫	厘
났	厚
낭	原
낮	厨
낯	厩
낱	厭
낳	厳
내	去
낵	参
낸	又
낼	叉
냄	及
냅	友
냇	双
냈	反
냉	収
냐	叔
냑	取
냔	受
냘	叙
냠	叛
냥	叡
너	叢
넉	口
넋	古
넌	句
널	叩
넒	只
넓	叫
넘	召
넙	可
넛	台
넜	叱
넝	史
넣	右
네	叶
넥	号
넨	司
넬	吃
넴	各
넵	合
넷	吉
넸	吊
넹	吋
녀	同
녁	名
년	后
녈	吏
념	吐
녑	向
녔	君
녕	吟
녘	吠
녜	否
녠	含
노	吳
녹	吸
논	吹
놀	吻
놂	吼
놈	吾
놉	呂
놋	呆
농	呈
높	呉
놓	告
놔	呑
놘	周
놜	呪
놨	味
뇌	呼
뇐	命
뇔	咆
뇜	咋
뇝	和
뇟	咬
뇨	咲
뇩	咳
뇬	咽
뇰	哀
뇹	品
뇻	哉
뇽	員
누	哨
눅	哩
눈	哲
눋	唄
눌	唆
눔	唇
눕	唐
눗	唖
눙	唯
눠	唱
눴	唾
눼	啄
뉘	商
뉜	問
뉠	啓
뉨	善
뉩	喉
뉴	喋
뉵	喚
뉼	喜
늄	喝
늅	喧
늉	喪
느	喫
늑	喬
는	喰
늘	営
늙	嗣
늚	嘆
늠	嘉
늡	嘗
늣	嘘
능	嘩
늦	嘱
늪	嘴
늬	噂
늰	噌
늴	噛
니	器
닉	噴
닌	噸
닐	噺
닒	嚇
님	嚢
닙	囚
닛	四
닝	回
닢	因
다	団
닥	囮
닦	困
단	囲
닫	図
달	固
닭	国
닮	圃
닯	國
닳	圏
담	園
답	土
닷	圧
닸	在
당	圭
닺	地
닻	坂
닿	均
대	坊
댁	坐
댄	坑
댈	坤
댐	坦
댑	坪
댓	垂
댔	型
댕	垢
댜	垣
더	埋
덕	城
덖	埜
던	域
덛	埠
덜	埴
덞	執
덟	培
덤	基
덥	埼
덧	堀
덩	堂
덫	堅
덮	堆
데	堕
덱	堤
덴	堪
델	堰
뎀	報
뎁	場
뎃	堵
뎄	堺
뎅	塀
뎌	塁
뎐	塊
뎔	塑
뎠	塔
뎡	塗
뎨	塘
뎬	塙
도	塚
독	塞
돈	塩
돋	填
돌	塵
돎	塹
돐	塾
돔	境
돕	墓
돗	増
동	墜
돛	墨
돝	墳
돠	墾
돤	壁
돨	壇
돼	壊
됐	壌
되	壕
된	士
될	壬
됨	壮
됩	声
됫	壱
됴	売
두	壷
둑	壹
둔	壺
둘	壽
둠	変
둡	夏
둣	夕
둥	外
둬	夙
뒀	多
뒈	夜
뒝	夢
뒤	大
뒨	天
뒬	太
뒵	夫
뒷	央
뒹	失
듀	夷
듄	奄
듈	奇
듐	奈
듕	奉
드	奎
득	奏
든	契
듣	奔
들	奕
듦	套
듬	奥
듭	奨
듯	奪
등	奬
듸	奮
디	女
딕	奴
딘	好
딛	如
딜	妃
딤	妄
딥	妊
딧	妓
딨	妖
딩	妙
딪	妥
따	妨
딱	妬
딴	妹
딸	妻
땀	妾
땁	姉
땃	始
땄	姐
땅	姑
땋	姓
때	委
땍	姜
땐	姥
땔	姦
땜	姪
땝	姫
땟	姶
땠	姻
땡	姿
떠	威
떡	娃
떤	娘
떨	娠
떪	娩
떫	娯
떰	娼
떱	婁
떳	婆
떴	婚
떵	婦
떻	婿
떼	媒
떽	媚
뗀	媛
뗄	嫁
뗌	嫉
뗍	嫌
뗏	嫡
뗐	嬉
뗑	嬢
뗘	嬬
뗬	嬰
또	子
똑	孔
똔	字
똘	存
똥	孜
똬	孝
똴	孟
뙈	季
뙤	孤
뙨	学
뚜	孫
뚝	學
뚠	宅
뚤	宇
뚫	守
뚬	安
뚱	宋
뛔	完
뛰	宍
뛴	宏
뛸	宕
뜀	宗
뜁	官
뜅	宙
뜨	定
뜩	宛
뜬	宜
뜯	宝
뜰	実
뜸	客
뜹	宣
뜻	室
띄	宥
띈	宮
띌	宰
띔	害
띕	宴
띠	宵
띤	家
띨	容
띰	宿
띱	寂
띳	寄
띵	寅
라	密
락	富
란	寒
랄	寓
람	寛
랍	寝
랏	察
랐	寡
랑	實
랒	寧
랖	審
랗	寮
래	寵
랙	寸
랜	寺
랠	対
램	寿
랩	封
랫	専
랬	射
랭	将
랴	尉
략	尊
랸	尋
럇	導
량	小
러	少
럭	尖
런	尚
럴	尤
럼	尭
럽	就
럿	尺
렀	尻
렁	尼
렇	尽
레	尾
렉	尿
렌	局
렐	屁
렘	居
렙	屈
렛	届
렝	屋
려	屍
력	屑
련	展
렬	属
렴	屠
렵	屡
렷	層
렸	履
령	屯
례	山
롄	岐
롑	岡
롓	岨
로	岩
록	岬
론	岱
롤	岳
롬	岸
롭	峙
롯	峠
롱	峡
롸	峨
롼	峯
뢍	峰
뢨	島
뢰	峻
뢴	崇
뢸	崎
룀	崔
룁	崖
룃	崚
룅	崩
료	嵌
룐	嵐
룔	嵜
룝	嵩
룟	嵯
룡	嶋
루	嶌
룩	嶺
룬	巌
룰	川
룸	州
룹	巡
룻	巣
룽	工
뤄	左
뤘	巧
뤠	巨
뤼	巫
뤽	差
륀	己
륄	巳
륌	巴
륏	巷
륑	巻
류	巽
륙	巾
륜	市
률	布
륨	帆
륩	希
륫	帖
륭	帝
르	帥
륵	師
른	席
를	帯
름	帰
릅	帳
릇	常
릉	帽
릊	幅
릍	幇
릎	幌
리	幕
릭	幡
린	幣
릴	干
림	平
립	年
릿	幸
링	幹
마	幻
막	幼
만	幽
많	幾
맏	庁
말	広
맑	庄
맒	庇
맘	床
맙	序
맛	底
망	庖
맞	店
맡	庚
맣	府
매	度
맥	座
맨	庫
맬	庭
맴	庵
맵	庶
맷	康
맸	庸
맹	廃
맺	廉
먀	廊
먁	廓
먈	廖
먕	廟
머	廠
먹	廣
먼	延
멀	廷
멂	建
멈	廻
멉	廼
멋	廿
멍	弁
멎	弄
멓	弊
메	弌
멕	式
멘	弐
멜	弓
멤	弔
멥	引
멧	弗
멨	弘
멩	弛
며	弟
멱	弥
면	弦
멸	弧
몃	弱
몄	張
명	強
몇	弼
몌	弾
모	彊
목	当
몫	彗
몬	形
몰	彥
몲	彦
몸	彩
몹	彪
못	彫
몽	彬
뫄	彰
뫈	影
뫘	役
뫙	彼
뫼	往
묀	征
묄	径
묍	待
묏	律
묑	後
묘	徐
묜	徒
묠	従
묩	得
묫	徠
무	御
묵	復
묶	循
문	微
묻	徳
물	徴
묽	德
묾	徹
뭄	徽
뭅	心
뭇	必
뭉	忌
뭍	忍
뭏	志
뭐	忘
뭔	忙
뭘	応
뭡	忠
뭣	快
뭬	念
뮈	忽
뮌	怒
뮐	怖
뮤	怜
뮨	思
뮬	怠
뮴	急
뮷	性
므	怨
믄	怪
믈	怯
믐	恋
믓	恐
미	恒
믹	恕
민	恢
믿	恥
밀	恨
밂	恩
밈	恭
밉	息
밋	恰
밌	恵
밍	悉
및	悌
밑	悔
바	悟
박	悠
밖	患
밗	悦
반	悩
받	悪
발	悲
밝	悶
밞	悼
밟	情
밤	惇
밥	惑
밧	惚
방	惜
밭	惟
배	惠
백	惣
밴	惨
밸	惰
뱀	想
뱁	惹
뱃	惺
뱄	愁
뱅	愈
뱉	愉
뱌	意
뱍	愚
뱐	愛
뱝	感
버	慈
벅	態
번	慌
벋	慎
벌	慕
벎	慢
범	慣
법	慧
벗	慨
벙	慮
벚	慰
베	慶
벡	慾
벤	憂
벧	憎
벨	憐
벰	憑
벱	憤
벳	憧
벴	憩
벵	憲
벼	憶
벽	憾
변	懇
별	懐
볍	懲
볏	懸
볐	戊
병	戌
볕	戎
볘	成
볜	我
보	戒
복	或
볶	戚
본	戟
볼	戦
봄	戯
봅	戴
봇	戸
봉	戻
봐	房
봔	所
봤	扇
봬	扉
뵀	手
뵈	才
뵉	打
뵌	払
뵐	托
뵘	扮
뵙	扱
뵤	扶
뵨	批
부	承
북	技
분	抄
붇	把
불	抑
붉	投
붊	抗
붐	折
붑	抜
붓	択
붕	披
붙	抱
붚	抵
붜	抹
붤	押
붰	抽
붸	担
뷔	拍
뷕	拐
뷘	拒
뷜	拓
뷩	拘
뷰	拙
뷴	招
뷸	拝
븀	拠
븃	拡
븅	括
브	拭
븍	拳
븐	拶
블	拷
븜	拾
븝	持
븟	指
비	按
빅	挑
빈	挙
빌	挟
빎	挨
빔	挫
빕	振
빗	挺
빙	挽
빚	挿
빛	捉
빠	捌
빡	捕
빤	捗
빨	捜
빪	捧
빰	捨
빱	据
빳	捲
빴	捷
빵	捺
빻	捻
빼	掃
빽	授
뺀	掌
뺄	排
뺌	掘
뺍	掛
뺏	掠
뺐	採
뺑	探
뺘	接
뺙	控
뺨	推
뻐	掩
뻑	措
뻔	掬
뻗	掲
뻘	掴
뻠	掻
뻣	揃
뻤	揉
뻥	描
뻬	提
뼁	揖
뼈	揚
뼉	換
뼘	握
뼙	揮
뼛	援
뼜	揺
뼝	損
뽀	搬
뽁	搭
뽄	携
뽈	搾
뽐	摂
뽑	摘
뽕	摩
뾔	摯
뾰	摸
뿅	摺
뿌	撃
뿍	撒
뿐	撚
뿔	撞
뿜	撤
뿟	撫
뿡	播
쀼	撮
쁑	撰
쁘	撲
쁜	撹
쁠	擁
쁨	操
쁩	擢
삐	擦
삑	擬
삔	擾
삘	攘
삠	攝
삡	支
삣	改
삥	攻
사	放
삭	政
삯	故
산	敏
삳	救
살	敗
삵	教
삶	敢
삼	散
삽	敦
삿	敬
샀	数
상	整
샅	敵
새	敷
색	文
샌	斉
샐	斌
샘	斎
샙	斐
샛	斑
샜	斗
생	料
샤	斜
샥	斡
샨	斤
샬	斥
샴	斧
샵	斬
샷	断
샹	斯
섀	新
섄	方
섈	於
섐	施
섕	旅
서	旋
석	族
섞	旗
섟	既
선	日
섣	旦
설	旧
섦	旨
섧	早
섬	旬
섭	旭
섯	旺
섰	昂
성	昆
섶	昇
세	昊
섹	昌
센	明
셀	昏
셈	易
셉	昔
셋	星
셌	映
셍	春
셔	昧
셕	昨
션	昭
셜	是
셤	昴
셥	昼
셧	時
셨	晃
셩	晄
셰	晋
셴	晏
셸	晒
솅	晟
소	晦
속	晧
솎	晨
손	晩
솔	普
솖	景
솜	晴
솝	晶
솟	智
송	暁
솥	暇
솨	暉
솩	暑
솬	暖
솰	暗
솽	暢
쇄	暦
쇈	暫
쇌	暮
쇔	暴
쇗	曇
쇘	曉
쇠	曙
쇤	曜
쇨	曝
쇰	曲
쇱	曳
쇳	更
쇼	書
쇽	曹
숀	曼
숄	曽
숌	曾
숍	替
숏	最
숑	會
수	月
숙	有
순	朋
숟	服
술	朔
숨	朕
숩	朗
숫	望
숭	朝
숯	期
숱	木
숲	未
숴	末
쉈	本
쉐	札
쉑	朱
쉔	朴
쉘	机
쉠	朽
쉥	杉
쉬	杋
쉭	李
쉰	杏
쉴	材
쉼	村
쉽	杓
쉿	杖
슁	杜
슈	束
슉	条
슐	杢
슘	来
슛	杭
슝	杯
스	東
슥	杵
슨	杷
슬	松
슭	板
슴	枇
습	析
슷	枕
승	林
시	枚
식	果
신	枝
싣	枠
실	枡
싫	枢
심	枯
십	架
싯	柁
싱	柄
싶	柊
싸	柏
싹	某
싻	柑
싼	染
쌀	柔
쌈	柘
쌉	柚
쌌	柱
쌍	柳
쌓	柴
쌔	柵
쌕	査
쌘	柾
쌜	柿
쌤	栂
쌥	栃
쌨	栄
쌩	栓
썅	栖
써	栗
썩	校
썬	栢
썰	株
썲	栴
썸	核
썹	根
썼	格
썽	栽
쎄	桁
쎈	桂
쎌	桃
쏀	案
쏘	桐
쏙	桑
쏜	桒
쏟	桓
쏠	桔
쏢	桜
쏨	桝
쏩	桟
쏭	桧
쏴	桶
쏵	梁
쏸	梅
쐈	梓
쐐	梗
쐤	條
쐬	梢
쐰	梧
쐴	梨
쐼	梯
쐽	械
쑈	梱
쑤	梵
쑥	梶
쑨	梼
쑬	棄
쑴	棉
쑵	棋
쑹	棒
쒀	棚
쒔	棟
쒜	森
쒸	棲
쒼	棺
쓩	椀
쓰	椅
쓱	椋
쓴	植
쓸	椎
쓺	椙
쓿	椛
씀	検
씁	椴
씌	椹
씐	椿
씔	楊
씜	楓
씨	楕
씩	楚
씬	楠
씰	楢
씸	業
씹	楯
씻	楳
씽	極
아	楼
악	楽
안	概
앉	榊
않	榎
알	榔
앍	榛
앎	榮
앓	槇
암	構
압	槌
앗	槍
았	様
앙	槙
앝	槻
앞	槽
애	樂
액	樋
앤	樗
앨	標
앰	樟
앱	模
앳	権
앴	横
앵	樫
야	樵
약	樹
얀	樺
얄	樽
얇	橋
얌	橘
얍	橙
얏	機
양	橡
얕	橿
얗	檀
얘	檎
얜	檜
얠	櫂
얩	櫓
어	櫛
억	櫨
언	櫻
얹	欄
얻	欝
얼	欠
얽	次
얾	欣
엄	欧
업	欲
없	欺
엇	欽
었	款
엉	歌
엊	歎
엌	歓
엎	止
에	正
엑	此
엔	武
엘	歩
엠	歪
엡	歯
엣	歳
엥	歴
여	死
역	殆
엮	殉
연	殊
열	残
엶	殖
엷	殴
염	段
엽	殷
엾	殺
엿	殻
였	殿
영	毀
옅	毅
옆	母
옇	毎
예	毒
옌	比
옐	毘
옘	毛
옙	氏
옛	民
옜	気
오	氣
옥	水
온	氷
올	永
옭	氾
옮	汀
옰	汁
옳	求
옴	汎
옵	汐
옷	汗
옹	汚
옻	汝
와	江
왁	池
완	汰
왈	汲
왐	決
왑	汽
왓	沃
왔	沈
왕	沌
왜	沓
왝	沖
왠	沙
왬	没
왯	沢
왱	沫
외	河
왹	沸
왼	油
욀	治
욈	沼
욉	沿
욋	況
욍	泉
요	泊
욕	泌
욘	泓
욜	法
욤	泡
욥	波
욧	泣
용	泥
우	注
욱	泰
운	泳
울	洋
욹	洗
욺	洛
움	洞
웁	津
웃	洩
웅	洪
워	洲
웍	洵
원	洸
월	活
웜	派
웝	流
웠	浄
웡	浅
웨	浜
웩	浦
웬	浩
웰	浪
웸	浬
웹	浮
웽	浴
위	海
윅	浸
윈	消
윌	涌
윔	涙
윕	涛
윗	涜
윙	涯
유	液
육	涵
윤	涼
율	淀
윰	淋
윱	淑
윳	淘
융	淡
윷	淫
으	深
윽	淳
은	淵
을	混
읊	淺
음	添
읍	清
읏	渇
응	済
읒	渉
읓	渋
읔	渓
읕	渕
읖	渚
읗	減
의	渠
읜	渡
읠	渥
읨	渦
읫	温
이	測
익	港
인	渾
일	湊
읽	湖
읾	湘
잃	湛
임	湧
입	湯
잇	湾
있	湿
잉	満
잊	溌
잎	源
자	準
작	溜
잔	溝
잖	溢
잗	溶
잘	溺
잚	滅
잠	滉
잡	滋
잣	滑
잤	滝
장	滞
잦	滴
재	漁
잭	漂
잰	漆
잴	漉
잼	漏
잽	演
잿	漕
쟀	漠
쟁	漢
쟈	漣
쟉	漫
쟌	漬
쟎	漱
쟐	漸
쟘	潅
쟝	潔
쟤	潜
쟨	潟
쟬	潤
저	潮
적	潰
전	澁
절	澄
젊	澗
점	澤
접	澪
젓	澱
정	激
젖	濁
제	濃
젝	濠
젠	濡
젤	濫
젬	濯
젭	濱
젯	濵
젱	瀕
져	瀞
젼	瀦
졀	瀧
졈	瀨
졉	瀬
졌	灘
졍	火
졔	灯
조	灰
족	灸
존	灼
졸	災
졺	炉
좀	炊
좁	炎
좃	炭
종	炳
좆	炸
좇	点
좋	為
좌	烈
좍	烏
좔	烹
좝	焔
좟	焚
좡	無
좨	焦
좼	然
좽	焼
죄	煉
죈	煌
죌	煎
죔	煙
죕	煤
죗	照
죙	煩
죠	煬
죡	煮
죤	煽
죵	熊
주	熔
죽	熙
준	熟
줄	熱
줅	熾
줆	燁
줌	燃
줍	燈
줏	燐
중	燕
줘	燥
줬	燦
줴	燭
쥐	燿
쥑	爆
쥔	爪
쥘	爵
쥠	父
쥡	爺
쥣	爽
쥬	爾
쥰	片
쥴	版
쥼	牌
즈	牒
즉	牙
즌	牛
즐	牝
즘	牟
즙	牡
즛	牢
증	牧
지	物
직	牲
진	特
짇	牽
질	犀
짊	犠
짐	犬
집	犯
짓	状
징	狂
짖	狐
짙	狗
짚	狙
짜	狛
짝	狩
짠	独
짢	狭
짤	狸
짧	狼
짬	狽
짭	猛
짯	猟
짰	猥
짱	猪
째	猫
짹	献
짼	猶
쨀	猷
쨈	猿
쨉	獄
쨋	獅
쨌	獏
쨍	獣
쨔	獨
쨘	獲
쨩	玄
쩌	率
쩍	玉
쩐	王
쩔	玖
쩜	玩
쩝	玲
쩟	玹
쩠	珀
쩡	珂
쩨	珉
쩽	珊
쪄	珍
쪘	珠
쪼	珪
쪽	班
쫀	現
쫄	球
쫌	理
쫍	琉
쫏	琢
쫑	琥
쫓	琳
쫘	琴
쫙	琵
쫠	琶
쫬	瑋
쫴	瑕
쬈	瑚
쬐	瑛
쬔	瑞
쬘	瑠
쬠	瑳
쬡	璃
쭁	璧
쭈	環
쭉	璽
쭌	瓜
쭐	瓢
쭘	瓦
쭙	瓶
쭝	甑
쭤	甘
쭸	甚
쭹	甜
쮜	生
쮸	産
쯔	甥
쯤	甦
쯧	用
쯩	甫
찌	田
찍	由
찐	甲
찔	申
찜	男
찝	町
찡	画
찢	界
찧	畏
차	畑
착	畔
찬	留
찮	畜
찰	畝
참	畠
찹	畢
찻	略
찼	畦
창	番
찾	異
채	畳
책	當
챈	畷
챌	畿
챔	疋
챕	疎
챗	疏
챘	疑
챙	疫
챠	疲
챤	疵
챦	疹
챨	疾
챰	病
챵	症
처	痔
척	痕
천	痘
철	痛
첨	痢
첩	痩
첫	痴
첬	療
청	癌
체	癒
첵	癖
첸	癸
첼	発
쳄	登
쳅	白
쳇	百
쳉	的
쳐	皆
쳔	皇
쳤	皐
쳬	皓
쳰	皮
촁	皿
초	盃
촉	盆
촌	盈
촐	益
촘	盗
촙	盛
촛	盟
총	監
촤	盤
촨	目
촬	盲
촹	直
최	相
쵠	盾
쵤	省
쵬	眈
쵭	眉
쵯	看
쵱	県
쵸	眞
춈	真
추	眠
축	眷
춘	眺
출	眼
춤	着
춥	睡
춧	督
충	睦
춰	睿
췄	瞑
췌	瞥
췐	瞬
취	瞭
췬	瞳
췰	矛
췸	矢
췹	知
췻	矧
췽	矩
츄	短
츈	矯
츌	石
츔	砂
츙	研
츠	砕
측	砥
츤	砦
츨	砧
츰	砲
츱	破
츳	砺
층	砿
치	硝
칙	硫
친	硬
칟	硯
칠	硲
칡	碁
침	碇
칩	碍
칫	碑
칭	碓
카	碕
칵	碗
칸	碧
칼	碩
캄	確
캅	磁
캇	磊
캉	磋
캐	磐
캑	磨
캔	磯
캘	礁
캠	礎
캡	礒
캣	示
캤	礼
캥	社
캬	祁
캭	祇
컁	祈
커	祉
컥	祐
컨	祓
컫	祖
컬	祝
컴	神
컵	祢
컷	祥
컸	票
컹	祭
케	祷
켁	禁
켄	禄
켈	禅
켐	禍
켑	禎
켓	福
켕	禦
켜	禰
켠	禽
켤	禾
켬	禿
켭	秀
켯	私
켰	秉
켱	秋
켸	科
코	秒
콕	秘
콘	租
콜	秤
콤	秦
콥	秩
콧	称
콩	移
콰	稀
콱	程
콴	税
콸	稔
쾀	稗
쾅	稚
쾌	稜
쾡	種
쾨	稲
쾰	稼
쿄	稽
쿠	稿
쿡	穀
쿤	穂
쿨	穆
쿰	積
쿱	穎
쿳	穏
쿵	穐
쿼	穣
퀀	穫
퀄	穴
퀑	究
퀘	空
퀭	穿
퀴	突
퀵	窃
퀸	窄
퀼	窒
큄	窓
큅	窟
큇	窪
큉	窮
큐	窯
큔	窺
큘	竃
큠	竈
크	立
큭	竑
큰	竜
클	章
큼	竣
큽	童
킁	竪
키	端
킥	競
킨	竹
킬	竺
킴	竿
킵	笈
킷	笑
킹	笘
타	笛
탁	笠
탄	笥
탈	符
탉	第
탐	笹
탑	筆
탓	筈
탔	等
탕	筋
태	筏
택	筑
탠	筒
탤	答
탬	策
탭	筧
탯	箆
탰	箇
탱	箔
탸	箕
턍	算
터	管
턱	箪
턴	箭
털	箱
턺	箸
텀	節
텁	範
텃	篇
텄	築
텅	篠
테	篤
텍	篭
텐	簑
텔	簡
템	簪
텝	簸
텟	簾
텡	簿
텨	籍
텬	米
텼	籾
톄	粁
톈	粂
토	粉
톡	粋
톤	粍
톨	粒
톰	粕
톱	粗
톳	粘
통	粛
톺	粟
톼	粥
퇀	粧
퇘	精
퇴	糊
퇸	糎
툇	糖
툉	糞
툐	糟
투	糠
툭	糧
툰	糸
툴	系
툼	糾
툽	紀
툿	約
퉁	紅
퉈	紋
퉜	納
퉤	紐
튀	純
튁	紗
튄	紘
튈	紙
튐	級
튑	紛
튕	素
튜	紡
튠	索
튤	紫
튬	紬
튱	累
트	細
특	紳
튼	紹
튿	紺
틀	終
틂	絃
틈	組
틉	絆
틋	経
틔	結
틘	絞
틜	絡
틤	絢
틥	給
티	統
틱	絵
틴	絶
틸	絹
팀	継
팁	続
팃	綜
팅	綬
파	維
팍	綱
팎	網
판	綴
팔	綺
팖	綻
팜	綾
팝	綿
팟	緊
팠	緋
팡	総
팥	緑
패	緒
팩	線
팬	締
팰	編
팸	緩
팹	緬
팻	緯
팼	練
팽	縁
퍄	縄
퍅	縛
퍼	縞
퍽	縣
펀	縦
펄	縫
펌	縮
펍	績
펏	繁
펐	繊
펑	繋
페	繍
펙	織
펜	繕
펠	繭
펨	繰
펩	纂
펫	纏
펭	缶
펴	罠
편	罪
펼	罫
폄	置
폅	罰
폈	署
평	罵
폐	罷
폘	羅
폡	羊
폣	美
포	羚
폭	群
폰	羨
폴	義
폼	羽
폽	羿
폿	翁
퐁	翌
퐈	習
퐝	翔
푀	翠
푄	翫
표	翰
푠	翳
푤	翻
푭	翼
푯	耀
푸	老
푹	考
푼	者
푿	而
풀	耐
풂	耕
품	耗
풉	耳
풋	耶
풍	耽
풔	聖
풩	聞
퓌	聡
퓐	聯
퓔	聴
퓜	職
퓟	聾
퓨	肆
퓬	肇
퓰	肉
퓸	肋
퓻	肌
퓽	肖
프	肘
픈	肝
플	股
픔	肢
픕	肥
픗	肩
피	肪
픽	肯
핀	肱
필	育
핌	肴
핍	肺
핏	胃
핑	胆
하	背
학	胎
한	胞
할	胡
핥	胤
함	胴
합	胸
핫	能
항	脂
해	脅
핵	脆
핸	脇
핼	脈
햄	脊
햅	脚
햇	脩
했	脱
행	脳
햐	脹
향	腎
허	腐
헉	腔
헌	腕
헐	腫
헒	腰
험	腱
헙	腸
헛	腹
헝	腺
헤	腿
헥	膏
헨	膚
헬	膜
헴	膝
헵	膨
헷	膳
헹	膿
혀	臆
혁	臓
현	臣
혈	臥
혐	臨
협	自
혓	臭
혔	至
형	致
혜	臺
혠	臼
혤	與
혭	興
호	舌
혹	舎
혼	舗
홀	舘
홅	舛
홈	舜
홉	舞
홋	舟
홍	舩
홑	航
화	般
확	舵
환	舶
활	舷
홧	船
황	艇
홰	艦
홱	艮
홴	良
횃	色
횅	艶
회	芋
획	芙
횐	芝
횔	芥
횝	芦
횟	芭
횡	芯
효	花
횬	芳
횰	芸
횹	芹
횻	芻
후	芽
훅	苅
훈	苑
훌	苓
훑	苔
훔	苗
훗	苛
훙	若
훠	苦
훤	苧
훨	苫
훰	英
훵	茂
훼	茄
훽	茅
휀	茈
휄	茉
휑	茎
휘	茜
휙	茨
휜	茶
휠	茸
휨	草
휩	荊
휫	荏
휭	荒
휴	荘
휵	荷
휸	荻
휼	莉
흄	莞
흇	莫
흉	莱
흐	菅
흑	菊
흔	菌
흖	菓
흗	菖
흘	菜
흙	菟
흠	菩
흡	華
흣	菰
흥	菱
흩	萄
희	萌
흰	萎
흴	萩
흼	萬
흽	萱
힁	落
히	葉
힉	葎
힌	著
힐	葛
힘	葡
힙	董
힛	葦
힝	葬
